<?xml version="1.0" encoding="utf-8"?>
<!--/2391263/209683/2.48/4/4/Relay or Contactor/-->
<quadcept_library>
  <setting unit="mil" />
  <textstyle name="Default" height="47.244094488189" strokewidth="7.8740157480315" charwidth="47.244094488189" />
  <textstyle name="Dimension" height="19.6850393700787" strokewidth="0" charwidth="19.6850393700787" />
  <textstyle name="H127W0635TH00762" height="50" strokewidth="3" charwidth="25" />
  <textstyle name="H15W15TH02" height="59.0551181102362" strokewidth="7.8740157480315" charwidth="59.0551181102362" />
  <padstyle name="c165_h110" surface="False" plated="True" isvia="False" nopaste="True" nomask="True" complex="False" holesize="43.307086614173">
    <padshape layer="TOP" shape="round" width="64.960629921259" height="64.960629921259" />
    <padshape layer="TOP_SOLDER_MASK" shape="round" width="72.83464566929" height="72.83464566929" />
    <padshape layer="INNER" shape="round" width="64.960629921259" height="64.960629921259" />
    <padshape layer="BOTTOM" shape="round" width="64.960629921259" height="64.960629921259" />
    <padshape layer="BOTTOM_SOLDER_MASK" shape="round" width="72.83464566929" height="72.83464566929" />
  </padstyle>
  <footprint name="G5NB1A4DC5" originx="0" originy="0" pickpointx="0" pickpointy="0">
    <pcbpin number="1" name="1" style="c165_h110" originx="41.338582677165" originy="-92.519685039369" rotation="90" />
    <pcbpin number="2" name="2" style="c165_h110" originx="494.09448818897" originy="-92.519685039369" rotation="90" />
    <pcbpin number="3" name="3" style="c165_h110" originx="769.68503937007" originy="-92.519685039369" rotation="90" />
    <pcbpin number="4" name="4" style="c165_h110" originx="41.338582677165" originy="92.519685039369" rotation="90" />
    <line layer="TOP_ASSEMBLY" originx="0" originy="141.73228346457" endx="807.08661417322" endy="141.73228346457" width="7.8740157480314" />
    <line layer="TOP_ASSEMBLY" originx="807.08661417322" originy="141.73228346457" endx="807.08661417322" endy="-141.73228346457" width="7.8740157480314" />
    <line layer="TOP_ASSEMBLY" originx="807.08661417322" originy="-141.73228346457" endx="0" endy="-141.73228346457" width="7.8740157480314" />
    <line layer="TOP_ASSEMBLY" originx="0" originy="-141.73228346457" endx="0" endy="141.73228346457" width="7.8740157480314" />
    <line layer="TOP_SILKSCREEN" originx="0" originy="141.73228346457" endx="807.08661417322" endy="141.73228346457" width="3.9370078740157" />
    <line layer="TOP_SILKSCREEN" originx="807.08661417322" originy="141.73228346457" endx="807.08661417322" endy="-141.73228346457" width="3.9370078740157" />
    <line layer="TOP_SILKSCREEN" originx="807.08661417322" originy="-141.73228346457" endx="0" endy="-141.73228346457" width="3.9370078740157" />
    <line layer="TOP_SILKSCREEN" originx="0" originy="-141.73228346457" endx="0" endy="141.73228346457" width="3.9370078740157" />
    <line layer="TOP_PLACE_BOUND" originx="-39.370078740157" originy="181.10236220472" endx="846.45669291338" endy="181.10236220472" width="3.9370078740157" />
    <line layer="TOP_PLACE_BOUND" originx="846.45669291338" originy="181.10236220472" endx="846.45669291338" endy="-181.10236220472" width="3.9370078740157" />
    <line layer="TOP_PLACE_BOUND" originx="846.45669291338" originy="-181.10236220472" endx="-39.370078740157" endy="-181.10236220472" width="3.9370078740157" />
    <line layer="TOP_PLACE_BOUND" originx="-39.370078740157" originy="-181.10236220472" endx="-39.370078740157" endy="181.10236220472" width="3.9370078740157" />
  </footprint>
  <symbol name="G5NB-1A-E-DC5V" originx="0" originy="0">
    <line originx="200" originy="100" endx="1100" endy="100" width="0" />
    <line originx="1100" originy="-300" endx="1100" endy="100" width="0" />
    <line originx="1100" originy="-300" endx="200" endy="-300" width="0" />
    <line originx="200" originy="100" endx="200" endy="-300" width="0" />
    <sympin number="1" originx="200" originy="0" rotation="180" length="100" width="7.8740157480315" flipped="False">
      <text name="pinname" originx="230" originy="0" style="Default" rotation="0" justify="left" flipped="False" hidden="False" data="COIL_1" />
      <text name="pindes" originx="140" originy="20" style="Default" rotation="0" justify="lowerright" flipped="False" hidden="False" data="1" />
    </sympin>
    <sympin number="2" originx="200" originy="-100" rotation="180" length="100" width="7.8740157480315" flipped="False">
      <text name="pinname" originx="230" originy="-100" style="Default" rotation="0" justify="left" flipped="False" hidden="False" data="COM" />
      <text name="pindes" originx="140" originy="-80" style="Default" rotation="0" justify="lowerright" flipped="False" hidden="False" data="2" />
    </sympin>
    <sympin number="3" originx="200" originy="-200" rotation="180" length="100" width="7.8740157480315" flipped="False">
      <text name="pinname" originx="230" originy="-200" style="Default" rotation="0" justify="left" flipped="False" hidden="False" data="NO" />
      <text name="pindes" originx="140" originy="-180" style="Default" rotation="0" justify="lowerright" flipped="False" hidden="False" data="3" />
    </sympin>
    <sympin number="4" originx="1100" originy="0" rotation="0" length="100" width="7.8740157480315" flipped="False">
      <text name="pinname" originx="1070" originy="0" style="Default" rotation="0" justify="right" flipped="False" hidden="False" data="COIL_2" />
      <text name="pindes" originx="1160" originy="20" style="Default" rotation="0" justify="lowerleft" flipped="False" hidden="False" data="4" />
    </sympin>
  </symbol>
  <component name="G5NB-1A-E-DC5V" designatorprefix="K" height="590.55118110236" footprint="G5NB1A4DC5">
    <comppin designator="1" sympin="1" pinswap="0" gateswap="0" gate="1" group="1" side="" type="Any" name="COIL_1" />
    <comppin designator="2" sympin="2" pinswap="0" gateswap="0" gate="1" group="1" side="" type="Any" name="COM" />
    <comppin designator="3" sympin="3" pinswap="0" gateswap="0" gate="1" group="1" side="" type="Any" name="NO" />
    <comppin designator="4" sympin="4" pinswap="0" gateswap="0" gate="1" group="1" side="" type="Any" name="COIL_2" />
    <attached_symbol gate="1" name="G5NB-1A-E-DC5V" />
    <pinmap designator="1" footprintpin="1" />
    <pinmap designator="2" footprintpin="2" />
    <pinmap designator="3" footprintpin="3" />
    <pinmap designator="4" footprintpin="4" />
    <text name="Datasheet" originx="0" originy="0" style="Default" rotation="0" justify="" flipped="False" hidden="True" data="https://omronfs.omron.com/en_US/ecb/products/pdf/en-g5nb.pdf" />
    <text name="Description" originx="0" originy="0" style="Default" rotation="0" justify="" flipped="False" hidden="True" data="" />
    <text name="Manufacturer_Name" originx="0" originy="0" style="Default" rotation="0" justify="" flipped="False" hidden="True" data="Omron Electronics" />
    <text name="Manufacturer_Part_Number" originx="1150" originy="200" style="Default" rotation="0" justify="left" flipped="False" hidden="False" data="G5NB-1A-E-DC5V" />
    <text name="Mouser Part Number" originx="0" originy="0" style="Default" rotation="0" justify="" flipped="False" hidden="True" data="" />
    <text name="Mouser Price/Stock" originx="0" originy="0" style="Default" rotation="0" justify="" flipped="False" hidden="True" data="" />
    <text name="Arrow Part Number" originx="0" originy="0" style="Default" rotation="0" justify="" flipped="False" hidden="True" data="" />
    <text name="Arrow Price/Stock" originx="0" originy="0" style="Default" rotation="0" justify="" flipped="False" hidden="True" data="" />
  </component>
</quadcept_library>
