Designator,Val,Package,Mid X,Mid Y,Rotation,Layer
C201,4n7,C_0402_1005Metric,71.577200,-95.300800,0.000000,top
C202,4n7,C_0402_1005Metric,71.577200,-101.396800,0.000000,top
C203,100n,C_0402_1005Metric,85.547200,-96.062800,90.000000,top
C204,100n,C_0402_1005Metric,84.531200,-96.062800,90.000000,top
C205,100n,C_0402_1005Metric,86.626700,-102.349300,90.000000,top
C206,1u,C_0402_1005Metric,83.515200,-96.062800,90.000000,top
C207,1u,C_0402_1005Metric,82.499200,-96.062800,90.000000,top
C208,100n,C_0402_1005Metric,85.610700,-102.349300,90.000000,top
C209,1u,C_0402_1005Metric,81.483200,-96.062800,90.000000,top
C210,1u,C_0402_1005Metric,84.594700,-102.349300,90.000000,top
C211,10u,C_0805_2012Metric,84.023200,-98.856800,270.000000,top
C212,100n,C_0603_1608Metric,62.560200,-101.460300,270.000000,top
C213,1u,C_0402_1005Metric,83.578700,-102.349300,90.000000,top
C214,10u,C_0805_2012Metric,86.055200,-98.856800,270.000000,top
C215,1u,C_0402_1005Metric,82.562700,-102.349300,90.000000,top
C216,100n,C_0603_1608Metric,61.036200,-101.460300,270.000000,top
C217,10u,C_0805_2012Metric,81.991200,-98.856800,270.000000,top
C218,10u,C_0805_2012Metric,86.055200,-105.079800,270.000000,top
C219,1u,C_0402_1005Metric,64.846200,-101.968300,270.000000,top
C220,10u,C_0805_2012Metric,79.959200,-98.856800,270.000000,top
C221,10u,C_0805_2012Metric,84.023200,-105.079800,270.000000,top
C222,1u,C_0402_1005Metric,65.862200,-101.968300,270.000000,top
C223,1u,C_0402_1005Metric,63.830200,-101.968300,270.000000,top
C224,10u,C_0805_2012Metric,81.991200,-105.079800,270.000000,top
C225,10u,C_0805_2012Metric,59.258200,-101.269800,270.000000,top
C226,10u,C_0805_2012Metric,79.959200,-105.079800,270.000000,top
C227,10u,C_0805_2012Metric,91.262200,-96.380300,90.000000,top
C228,1u,C_0402_1005Metric,90.754200,-99.809300,270.000000,top
C229,100n,C_0402_1005Metric,91.770200,-99.809300,270.000000,top
C230,10u,C_0805_2012Metric,91.262200,-102.539800,90.000000,top
C231,1u,C_0402_1005Metric,90.817700,-105.968800,270.000000,top
C232,100n,C_0402_1005Metric,91.833700,-105.968800,270.000000,top
C233,100n,C_0402_1005Metric,99.580700,-98.158300,180.000000,top
C234,100n,C_0402_1005Metric,99.580700,-100.571300,180.000000,top
C235,100n,C_0402_1005Metric,75.958700,-109.842300,180.000000,top
C236,100n,C_0402_1005Metric,72.021700,-93.713300,270.000000,top
C237,100n,C_0402_1005Metric,76.022200,-108.318300,180.000000,top
C238,100n,C_0402_1005Metric,56.845200,-81.330800,0.000000,top
C301,100n,C_0402_1005Metric,233.565700,-101.119800,270.000000,top
C302,100n,C_0402_1005Metric,232.549700,-101.142800,270.000000,top
C303,100n,C_0402_1005Metric,231.533700,-101.142800,270.000000,top
C304,100n,C_0402_1005Metric,199.974200,-80.949800,90.000000,top
C305,100n,C_0402_1005Metric,206.451200,-81.013300,90.000000,top
C306,100n,C_0402_1005Metric,128.854200,-97.967800,180.000000,top
C401,100n,C_0402_1005Metric,112.788700,-106.857800,0.000000,top
C404,100n,C_0402_1005Metric,114.820700,-107.873800,0.000000,top
C405,100n,C_0402_1005Metric,184.543700,-102.349300,0.000000,top
C406,100n,C_0402_1005Metric,191.211200,-102.349300,180.000000,top
C407,100n,C_0402_1005Metric,114.820700,-108.889800,0.000000,top
C408,100n,C_0402_1005Metric,182.552200,-102.349300,180.000000,top
C409,100n,C_0402_1005Metric,193.179700,-102.349300,0.000000,top
C410,100n,C_0402_1005Metric,181.495700,-95.427800,90.000000,top
C411,100n,C_0402_1005Metric,218.897200,-80.314800,270.000000,top
C412,100n,C_0402_1005Metric,220.103700,-74.282300,90.000000,top
C413,10u,C_0805_2012Metric,221.881700,-74.106800,90.000000,top
C503,10u,C_0805_2012Metric,65.481200,-70.662800,90.000000,top
C504,100n,C_0402_1005Metric,173.558200,-67.551300,90.000000,top
C505,100n,C_0402_1005Metric,183.464200,-67.551300,90.000000,top
C506,100n,C_0402_1005Metric,172.542200,-67.551300,90.000000,top
C507,100n,C_0402_1005Metric,188.544200,-67.551300,90.000000,top
C508,100n,C_0402_1005Metric,178.638200,-67.551300,90.000000,top
C509,100n,C_0402_1005Metric,182.448200,-67.551300,90.000000,top
C601,1u,C_0402_1005Metric,151.841200,-117.652800,270.000000,top
C602,100n,C_0603_1608Metric,211.277200,-117.144800,270.000000,top
C603,100n,C_0603_1608Metric,215.341200,-116.281300,270.000000,top
C604,100n,C_0603_1608Metric,196.799200,-117.170300,270.000000,top
C605,1u,C_0402_1005Metric,145.745200,-117.652800,270.000000,top
C606,100n,C_0603_1608Metric,212.801200,-117.144800,90.000000,top
C607,1u,C_0402_1005Metric,139.649200,-117.652800,270.000000,top
C608,1u,C_0402_1005Metric,189.306200,-117.081300,270.000000,top
C609,100n,C_0603_1608Metric,117.805200,-117.144800,270.000000,top
C610,100n,C_0603_1608Metric,112.725200,-117.144800,270.000000,top
C611,100n,C_0402_1005Metric,256.743200,-116.128800,0.000000,top
C612,100n,C_0402_1005Metric,243.789200,-116.128800,0.000000,top
C613,100n,C_0603_1608Metric,178.892200,-115.176300,90.000000,top
C614,100n,C_0603_1608Metric,174.828200,-115.176300,90.000000,top
C615,100n,C_0603_1608Metric,120.345200,-117.144800,90.000000,top
C616,100n,C_0603_1608Metric,115.265200,-117.144800,90.000000,top
C617,100n,C_0603_1608Metric,176.352200,-117.081300,90.000000,top
C618,100n,C_0603_1608Metric,172.288200,-117.081300,90.000000,top
C619,1u,C_0402_1005Metric,183.210200,-116.954300,270.000000,top
C620,100n,C_0402_1005Metric,252.425200,-116.128800,0.000000,top
C621,100n,C_0402_1005Metric,239.471200,-116.155801,0.000000,top
C622,100n,C_0402_1005Metric,111.074200,-115.747800,270.000000,top
C623,100n,C_0402_1005Metric,106.502200,-115.747800,270.000000,top
C624,100n,C_0402_1005Metric,109.042200,-115.747800,90.000000,top
C625,100n,C_0402_1005Metric,104.470200,-115.747800,90.000000,top
C626,100n,C_0402_1005Metric,108.026200,-117.652800,270.000000,top
C627,100n,C_0402_1005Metric,103.454200,-117.652800,270.000000,top
C628,100n,C_0402_1005Metric,230.962200,-116.179600,0.000000,top
C629,100n,C_0402_1005Metric,248.107200,-116.128800,0.000000,top
C630,100n,C_0402_1005Metric,235.204000,-116.179600,0.000000,top
C631,100n,C_0402_1005Metric,226.771200,-116.179600,0.000000,top
C705,100n,C_0402_1005Metric,224.421700,-75.171300,90.000000,top
C706,10u,C_0805_2012Metric,67.386200,-70.662800,90.000000,top
C707,10u,C_0805_2012Metric,75.006200,-70.535800,90.000000,top
C708,100n,C_0402_1005Metric,227.533200,-75.171300,90.000000,top
C709,100n,C_0402_1005Metric,227.088700,-67.614800,90.000000,top
C712,10u,C_0805_2012Metric,82.626200,-70.535800,90.000000,top
C715,10u,C_0805_2012Metric,90.246200,-70.535800,90.000000,top
C801,100n,C_0402_1005Metric,141.744700,-84.201000,180.000000,top
C802,100n,C_0402_1005Metric,175.018700,-94.856300,0.000000,top
C803,10p,C_0402_1005Metric,152.857200,-114.160300,0.000000,top
C804,10p,C_0402_1005Metric,162.572700,-111.810800,90.000000,top
C805,100n,C_0402_1005Metric,141.732000,-90.551000,180.000000,top
C806,100n,C_0402_1005Metric,173.609000,-89.789000,0.000000,top
C807,100n,C_0402_1005Metric,140.220700,-94.919800,180.000000,top
C808,10p,C_0402_1005Metric,149.364700,-114.160300,0.000000,top
C809,10p,C_0402_1005Metric,159.588200,-113.398300,0.000000,top
C810,100n,C_0402_1005Metric,175.653700,-84.886800,0.000000,top
C811,100n,C_0402_1005Metric,140.843000,-101.841300,180.000000,top
C812,100n,C_0402_1005Metric,168.097200,-78.282800,0.000000,top
C813,100n,C_0402_1005Metric,154.000200,-107.365800,180.000000,top
C814,2.2uF,C_0603_1608Metric,160.032700,-115.874800,90.000000,top
C815,100n,C_0402_1005Metric,162.306000,-77.216000,0.000000,top
C816,100n,C_0402_1005Metric,157.937200,-108.191300,270.000000,top
C817,100n,C_0402_1005Metric,156.464000,-77.470000,0.000000,top
C818,100n,C_0402_1005Metric,164.846000,-108.458000,270.000000,top
C819,100n,C_0402_1005Metric,158.762700,-116.382800,90.000000,top
C820,100n,C_0402_1005Metric,147.828000,-77.978000,180.000000,top
C821,100n,C_0402_1005Metric,174.279700,-100.888800,0.000000,top
C822,100n,C_0402_1005Metric,166.890700,-110.096300,180.000000,top
C823,2.2uF,C_0603_1608Metric,166.319200,-111.366300,180.000000,top
C824,2.2uF,C_0603_1608Metric,176.161700,-86.156800,0.000000,top
C825,100n,C_0402_1005Metric,162.572700,-109.842300,270.000000,top
C826,2.2uF,C_0603_1608Metric,150.634700,-76.657300,90.000000,top
C901,100n,C_0402_1005Metric,101.295200,-116.128800,0.000000,top
C902,100n,C_0402_1005Metric,88.341200,-116.128800,0.000000,top
C903,100n,C_0402_1005Metric,75.387200,-116.128800,0.000000,top
C904,100n,C_0402_1005Metric,96.977200,-116.128800,0.000000,top
C905,100n,C_0402_1005Metric,84.023200,-116.128800,0.000000,top
C906,100n,C_0402_1005Metric,71.069200,-116.128800,0.000000,top
C907,100n,C_0402_1005Metric,92.659200,-116.128800,0.000000,top
C908,100n,C_0402_1005Metric,79.705200,-116.128800,0.000000,top
C909,100n,C_0402_1005Metric,66.751200,-116.128800,0.000000,top
D201,LED_YELLOW,LED_0603_1608Metric,48.272700,-106.540300,180.000000,top
D202,LED_YELLOW,LED_0603_1608Metric,48.272700,-108.127800,180.000000,top
D203,LED_YELLOW,LED_0603_1608Metric,48.272700,-109.715300,180.000000,top
D204,LED_YELLOW,LED_0603_1608Metric,48.272700,-111.302800,180.000000,top
D205,D,D_SMA,64.465200,-84.378800,180.000000,top
D206,D,D_SMA,64.465200,-88.442800,180.000000,top
D207,Transil,D_SMB,47.193200,-101.269800,180.000000,top
D208,D,D_SMA,54.686200,-101.269800,180.000000,top
D301,LED_RED,LED_0603_1608Metric,235.661200,-102.285800,0.000000,top
D401,LED_RED,LED_0603_1608Metric,108.851700,-108.864300,90.000000,top
D402,LED_RED,LED_0603_1608Metric,187.591700,-100.342800,270.000000,top
D403,LED_RED,LED_0603_1608Metric,196.227700,-100.355300,270.000000,top
D404,LED_YELLOW,LED_0603_1608Metric,245.821200,-108.762800,0.000000,top
D405,LED_YELLOW,LED_0603_1608Metric,245.948200,-97.142300,0.000000,top
D406,LED_RED,LED_0603_1608Metric,222.135700,-80.632300,180.000000,top
D407,LED_YELLOW,LED_0603_1608Metric,214.261700,-112.890300,180.000000,top
D501,LED_RED,LED_0603_1608Metric,60.655200,-79.552800,180.000000,top
D601,D,D_SOD-323,149.301200,-117.017800,270.000000,top
D602,3V3,D_MiniMELF,208.356200,-116.001800,270.000000,top
D603,3V3,D_MiniMELF,204.038200,-116.001800,270.000000,top
D604,3V3,D_MiniMELF,199.720200,-116.001800,270.000000,top
D605,D,D_SOD-323,206.197200,-117.017800,270.000000,top
D606,D,D_SOD-323,201.879200,-117.017800,270.000000,top
D607,D,D_SOD-323,143.205200,-117.017800,270.000000,top
D608,D,D_SOD-323,137.109200,-117.017800,270.000000,top
D609,3V3,D_MiniMELF,139.776200,-69.265800,90.000000,top
D610,3V3,D_MiniMELF,151.460200,-69.265800,90.000000,top
D611,3V3,D_MiniMELF,153.746200,-69.265800,90.000000,top
D612,3V3,D_MiniMELF,142.062200,-69.265800,90.000000,top
D613,D,D_SOD-323,137.617200,-68.249800,90.000000,top
D614,D,D_SOD-323,186.766200,-116.446300,270.000000,top
D615,3V3,D_MiniMELF,254.584200,-116.001800,270.000000,top
D616,3V3,D_MiniMELF,241.630200,-115.973800,270.000000,top
D617,D,D_SOD-323,180.670200,-116.319300,270.000000,top
D618,3V3,D_MiniMELF,250.266200,-116.001800,270.000000,top
D619,3V3,D_MiniMELF,237.312200,-116.001800,270.000000,top
D620,3V3,D_MiniMELF,228.930200,-116.001800,270.000000,top
D621,3V3,D_MiniMELF,245.948200,-116.001800,270.000000,top
D622,3V3,D_MiniMELF,233.121200,-116.001800,270.000000,top
D623,3V3,D_MiniMELF,224.612200,-116.001800,270.000000,top
D701,3V3,D_MiniMELF,224.802700,-78.826300,270.000000,top
D702,D,D_SOD-123,235.597700,-91.617800,270.000000,top
D703,D,D_SOD-123,242.519200,-91.554300,270.000000,top
D704,3V3,D_MiniMELF,227.914200,-78.826300,270.000000,top
D705,3V3,D_MiniMELF,227.469700,-71.269800,270.000000,top
D706,D,D_SOD-123,247.218200,-90.474800,180.000000,top
D713,D,D_SOD-123,103.327200,-91.490800,180.000000,top
D714,D,D_SOD-123,121.996200,-91.490800,180.000000,top
D715,D,D_SOD-123,112.725200,-91.490800,180.000000,top
D716,D,D_SOD-123,131.394200,-91.490800,180.000000,top
D801,LED_RED,LED_0603_1608Metric,60.782200,-117.017800,90.000000,top
D802,LED_YELLOW,LED_0603_1608Metric,55.448200,-117.017800,90.000000,top
D803,LED_GREEN,LED_0603_1608Metric,50.114200,-117.017800,90.000000,top
D804,LED_BLUE,LED_0603_1608Metric,44.780200,-117.017800,90.000000,top
D901,3V3,D_MiniMELF,99.136200,-116.001800,270.000000,top
D902,3V3,D_MiniMELF,86.182200,-116.001800,270.000000,top
D903,3V3,D_MiniMELF,73.228200,-116.001800,270.000000,top
D904,3V3,D_MiniMELF,94.818200,-116.001800,270.000000,top
D905,3V3,D_MiniMELF,81.864200,-116.001800,270.000000,top
D906,3V3,D_MiniMELF,68.910200,-115.973800,270.000000,top
D907,3V3,D_MiniMELF,90.500200,-115.973800,270.000000,top
D908,3V3,D_MiniMELF,77.546200,-116.001800,270.000000,top
D909,3V3,D_MiniMELF,64.592200,-115.973800,270.000000,top
IC501,L293DD,L293DD,52.146200,-72.694800,0.000000,top
J403,USB_B_Mini,USB_Mini-B_Lumberg_2486_01_Horizontal,253.631700,-95.237300,0.000000,top
J404,USB_B_Mini,USB_Mini-B_Lumberg_2486_01_Horizontal,253.631700,-107.238800,0.000000,top
J806,Conn_02x07_Odd_Even,PinHeader_2x07_P1.27mm_Vertical_SMD,163.461700,-71.424800,90.000000,top
L203,L,L_0603_1608Metric,88.595200,-95.427800,0.000000,top
L204,L,L_0603_1608Metric,88.595200,-96.951800,0.000000,top
L205,L,L_0603_1608Metric,88.595200,-98.475800,0.000000,top
L206,L,L_0603_1608Metric,88.595200,-99.999800,0.000000,top
L208,L,L_0603_1608Metric,88.658700,-101.587300,0.000000,top
L209,L,L_0603_1608Metric,88.658700,-103.111300,0.000000,top
L210,L,L_0603_1608Metric,88.658700,-104.635300,0.000000,top
L211,L,L_0603_1608Metric,88.658700,-106.159300,0.000000,top
L801,Ferrite,L_0603_1608Metric,161.556700,-115.874800,90.000000,top
Q301,NPN,SOT-23,231.343200,-98.348800,180.000000,top
Q302,P_Mosfet,SOT-23,235.851700,-99.682300,180.000000,top
Q401,NPN,SOT-23,114.820700,-111.175800,0.000000,top
Q402,NPN,SOT-23,181.559200,-100.063300,180.000000,top
Q403,NPN,SOT-23,190.195200,-100.063300,180.000000,top
Q404,P_Mosfet,SOT-23,111.328200,-109.143800,0.000000,top
Q405,P_Mosfet,SOT-23,185.051700,-100.063300,180.000000,top
Q406,P_Mosfet,SOT-23,193.687700,-100.063300,180.000000,top
Q407,NPN,SOT-23,137.553700,-110.858300,90.000000,top
Q408,NPN,SOT-23,216.674700,-77.901800,180.000000,top
Q409,P_Mosfet,SOT-23,221.183200,-77.647800,180.000000,top
Q501,NPN,SOT-23,61.798200,-68.249800,90.000000,top
Q502,APM4953,SOP-8_3.76x4.96mm_P1.27mm,61.798200,-74.853800,180.000000,top
Q701,NPN,SOT-23,70.053200,-76.250800,270.000000,top
Q702,NPN,SOT-23,77.419200,-76.250800,270.000000,top
Q703,NPN,SOT-23,73.609200,-76.250800,270.000000,top
Q704,NPN,SOT-23,81.102200,-76.250800,270.000000,top
Q705,NPN,SOT-23,232.676700,-91.046300,180.000000,top
Q706,NPN,SOT-23,239.598200,-91.046300,180.000000,top
Q707,APM4953,SOP-8_3.76x4.96mm_P1.27mm,71.196200,-70.533300,0.000000,top
Q708,APM4953,SOP-8_3.76x4.96mm_P1.27mm,78.816200,-70.535800,0.000000,top
Q709,NPN,SOT-23,245.567200,-93.395800,270.000000,top
Q710,Q_NMOS_GSD,SOT-23,197.942200,-68.376800,270.000000,top
Q711,Q_NMOS_GSD,SOT-23,201.625200,-68.376800,270.000000,top
Q712,Q_NMOS_GSD,SOT-23,208.991200,-68.376800,270.000000,top
Q713,Q_NMOS_GSD,SOT-23,216.357200,-68.376800,270.000000,top
Q714,NPN,SOT-23,84.912200,-76.250800,270.000000,top
Q715,NPN,SOT-23,88.468200,-76.250800,270.000000,top
Q716,APM4953,SOP-8_3.76x4.96mm_P1.27mm,86.436200,-70.535800,0.000000,top
Q717,Q_NMOS_GSD,SOT-23,194.259200,-68.376800,270.000000,top
Q718,Q_NMOS_GSD,SOT-23,205.308200,-68.376800,270.000000,top
Q719,Q_NMOS_GSD,SOT-23,212.674200,-68.376800,270.000000,top
Q720,Q_NMOS_GSD,SOT-23,223.723200,-68.376800,270.000000,top
Q721,Q_NMOS_GSD,SOT-23,220.040200,-68.376800,270.000000,top
Q722,NPN,SOT-23,92.278200,-76.250800,270.000000,top
Q723,NPN,SOT-23,95.834200,-76.250800,270.000000,top
Q724,NPN,SOT-23,99.136200,-91.998800,270.000000,top
Q725,NPN,SOT-23,117.805200,-91.998800,270.000000,top
Q726,APM4953,SOP-8_3.76x4.96mm_P1.27mm,94.056200,-70.535800,0.000000,top
Q727,NPN,SOT-23,108.534200,-91.998800,270.000000,top
Q728,NPN,SOT-23,127.203200,-91.998800,270.000000,top
Q801,NPN,SOT-23,58.115200,-116.890800,90.000000,top
Q802,NPN,SOT-23,52.781200,-116.890800,90.000000,top
Q803,NPN,SOT-23,47.447200,-116.890800,90.000000,top
Q804,NPN,SOT-23,42.113200,-116.890800,90.000000,top
Q805,Q_NMOS_GSD,SOT-23,91.671140,-87.790020,0.000000,top
R201,10k,R_0402_1005Metric,71.958200,-107.048300,0.000000,top
R202,470,R_0402_1005Metric,45.796200,-106.540300,0.000000,top
R203,1k,R_0402_1005Metric,45.796200,-108.127800,0.000000,top
R204,3k6,R_0402_1005Metric,45.796200,-109.715300,0.000000,top
R205,3k6,R_0402_1005Metric,45.796200,-111.302800,0.000000,top
R206,47k,R_0402_1005Metric,73.609200,-95.300800,180.000000,top
R207,100k,R_0402_1005Metric,79.324200,-96.062800,270.000000,top
R208,100k,R_0402_1005Metric,75.641200,-95.300800,0.000000,top
R209,47k,R_0402_1005Metric,73.609200,-101.396800,180.000000,top
R210,100k,R_0402_1005Metric,79.959200,-102.476300,180.000000,top
R211,100k,R_0402_1005Metric,75.641200,-101.396800,0.000000,top
R212,100k,R_0402_1005Metric,80.467200,-96.062800,270.000000,top
R213,100k,R_0402_1005Metric,77.673200,-95.300800,0.000000,top
R214,100k,R_0402_1005Metric,77.673200,-101.396800,0.000000,top
R215,100k,R_0402_1005Metric,81.483200,-101.841300,270.000000,top
R216,100k,R_0402_1005Metric,79.959200,-101.396800,0.000000,top
R217,1k,R_0402_1005Metric,99.580700,-99.174300,180.000000,top
R218,1k,R_0402_1005Metric,99.580700,-101.587300,180.000000,top
R219,1k,R_0402_1005Metric,75.958700,-110.858300,180.000000,top
R220,4k7,R_0402_1005Metric,97.612200,-99.174300,0.000000,top
R221,4k7,R_0402_1005Metric,97.612200,-98.158300,180.000000,top
R222,4k7,R_0402_1005Metric,97.612200,-101.587300,0.000000,top
R223,4k7,R_0402_1005Metric,97.612200,-100.571300,180.000000,top
R224,4k7,R_0402_1005Metric,73.990200,-110.858300,0.000000,top
R225,1k,R_0402_1005Metric,73.990200,-109.842300,180.000000,top
R226,1k,R_0402_1005Metric,70.497700,-93.205300,180.000000,top
R227,1k,R_0402_1005Metric,76.022200,-107.302300,180.000000,top
R228,1k,R_0402_1005Metric,54.876700,-81.330800,180.000000,top
R229,10k,R_0402_1005Metric,70.497700,-94.221300,0.000000,top
R230,10k,R_0402_1005Metric,73.482200,-107.238800,270.000000,top
R231,10k,R_0402_1005Metric,55.321200,-79.806800,90.000000,top
R301,1k,R_0402_1005Metric,229.120700,-97.904300,90.000000,top
R302,1k,R_0402_1005Metric,233.565700,-99.110800,90.000000,top
R303,470,R_0402_1005Metric,237.693200,-102.412800,270.000000,top
R304,10k,R_0402_1005Metric,206.451200,-76.885800,90.000000,top
R401,1k,R_0402_1005Metric,117.043200,-109.905800,270.000000,top
R402,1k,R_0402_1005Metric,180.035200,-97.777300,0.000000,top
R403,1k,R_0402_1005Metric,188.711700,-97.777300,0.000000,top
R404,1k,R_0402_1005Metric,112.090200,-111.429800,0.000000,top
R405,1k,R_0402_1005Metric,184.289700,-97.777300,180.000000,top
R406,1k,R_0402_1005Metric,192.925700,-97.777300,180.000000,top
R407,470,R_0402_1005Metric,109.804200,-106.857800,180.000000,top
R408,1k,R_0402_1005Metric,186.598700,-102.349300,0.000000,top
R409,1k,R_0402_1005Metric,195.211700,-102.349300,0.000000,top
R410,1k,R_0402_1005Metric,138.379200,-108.572300,180.000000,top
R411,1k,R_0402_1005Metric,248.297700,-108.762800,180.000000,top
R412,1k,R_0402_1005Metric,248.424700,-97.396300,180.000000,top
R413,4k7,R_0402_1005Metric,192.100200,-94.411800,270.000000,top
R414,1k,R_0402_1005Metric,182.956200,-95.872300,180.000000,top
R415,1k,R_0402_1005Metric,214.007700,-77.343000,90.000000,top
R416,1k,R_0402_1005Metric,218.960700,-78.155800,90.000000,top
R417,1k,R_0402_1005Metric,220.103700,-80.441800,270.000000,top
R418,470,R_0402_1005Metric,211.785200,-112.699800,0.000000,top
R501,0,R_0402_1005Metric,174.574200,-67.574300,270.000000,top
R502,0,R_0402_1005Metric,184.480200,-67.551300,270.000000,top
R503,1k,R_0402_1005Metric,64.071500,-69.469000,90.000000,top
R504,10k,R_0402_1005Metric,175.590200,-67.551300,270.000000,top
R505,10k,R_0402_1005Metric,185.496200,-67.551300,270.000000,top
R506,1k,R_0402_1005Metric,174.574200,-69.583300,270.000000,top
R507,1k,R_0402_1005Metric,184.480200,-69.583300,270.000000,top
R508,1k,R_0402_1005Metric,60.020200,-70.535800,180.000000,top
R509,0,R_0402_1005Metric,187.528200,-67.551300,270.000000,top
R510,0,R_0402_1005Metric,171.526200,-67.551300,270.000000,top
R511,10k,R_0402_1005Metric,170.510200,-67.551300,270.000000,top
R512,10k,R_0402_1005Metric,186.512200,-67.551300,270.000000,top
R513,1k,R_0402_1005Metric,171.526200,-69.583300,270.000000,top
R514,1k,R_0402_1005Metric,187.528200,-69.583300,270.000000,top
R515,470,R_0402_1005Metric,57.988200,-79.298800,0.000000,top
R516,10k,R_0402_1005Metric,59.512200,-67.741800,90.000000,top
R517,10k,R_0402_1005Metric,44.780200,-77.647800,90.000000,top
R518,0,R_0402_1005Metric,177.622200,-67.551300,270.000000,top
R519,0,R_0402_1005Metric,181.432200,-67.551300,270.000000,top
R520,10k,R_0402_1005Metric,176.606200,-67.551300,270.000000,top
R521,10k,R_0402_1005Metric,180.416200,-67.551300,270.000000,top
R522,1k,R_0402_1005Metric,177.622200,-69.583300,270.000000,top
R523,1k,R_0402_1005Metric,181.432200,-69.583300,270.000000,top
R601,1k,R_0402_1005Metric,153.873200,-117.652800,270.000000,top
R602,1k,R_0402_1005Metric,150.825200,-117.652800,270.000000,top
R603,75,R_0402_1005Metric,152.857200,-117.652800,90.000000,top
R604,1M,R_0402_1005Metric,210.769200,-115.112800,0.000000,top
R605,10k,R_0402_1005Metric,210.007200,-117.652800,270.000000,top
R606,10k,R_0402_1005Metric,205.689200,-114.350800,270.000000,top
R607,10k,R_0402_1005Metric,201.371200,-114.350800,270.000000,top
R608,1k,R_0402_1005Metric,212.674200,-115.112800,0.000000,top
R609,1M,R_0402_1005Metric,198.069200,-115.724800,270.000000,top
R610,1k,R_0402_1005Metric,214.071200,-115.747800,270.000000,top
R611,1k,R_0402_1005Metric,198.069200,-117.652800,270.000000,top
R612,1k,R_0402_1005Metric,147.777200,-117.652800,270.000000,top
R613,1k,R_0402_1005Metric,144.729200,-117.652800,270.000000,top
R614,75,R_0402_1005Metric,146.761200,-117.652800,90.000000,top
R615,1k,R_0402_1005Metric,214.071200,-117.652800,270.000000,top
R616,1k,R_0402_1005Metric,141.681200,-117.652800,270.000000,top
R617,1k,R_0402_1005Metric,138.633200,-117.652800,270.000000,top
R618,75,R_0402_1005Metric,140.665200,-117.652800,90.000000,top
R619,470,R_0402_1005Metric,144.729200,-69.646800,90.000000,top
R620,470,R_0402_1005Metric,145.745200,-69.646800,90.000000,top
R621,10k,R_0402_1005Metric,149.809200,-67.614800,90.000000,top
R622,10k,R_0402_1005Metric,156.413200,-67.614800,90.000000,top
R623,470,R_0402_1005Metric,147.777200,-67.614800,90.000000,top
R624,10k,R_0402_1005Metric,137.998200,-70.916800,90.000000,top
R625,470,R_0402_1005Metric,144.729200,-67.614800,90.000000,top
R626,470,R_0402_1005Metric,145.745200,-67.614800,90.000000,top
R627,1k,R_0402_1005Metric,146.761200,-67.614800,90.000000,top
R628,10k,R_0402_1005Metric,143.713200,-67.614800,90.000000,top
R629,10k,R_0402_1005Metric,148.793200,-67.614800,90.000000,top
R630,10k,R_0402_1005Metric,155.397200,-67.614800,90.000000,top
R631,1M,R_0402_1005Metric,184.734200,-115.430300,180.000000,top
R632,1M,R_0402_1005Metric,190.830200,-115.557300,180.000000,top
R633,1M,R_0402_1005Metric,141.173200,-116.128800,180.000000,top
R634,1M,R_0402_1005Metric,147.292200,-116.128800,180.000000,top
R635,1M,R_0402_1005Metric,153.365200,-116.128800,180.000000,top
R636,1k,R_0402_1005Metric,191.338200,-117.081300,270.000000,top
R637,1k,R_0402_1005Metric,188.290200,-117.081300,270.000000,top
R638,75,R_0402_1005Metric,190.322200,-117.081300,90.000000,top
R639,10k,R_0402_1005Metric,256.743200,-115.112800,180.000000,top
R640,10k,R_0402_1005Metric,243.789200,-115.112800,180.000000,top
R641,470,R_0402_1005Metric,119.075200,-115.747800,270.000000,top
R642,470,R_0402_1005Metric,113.995200,-115.724800,270.000000,top
R643,1k,R_0402_1005Metric,256.235200,-117.652800,270.000000,top
R644,1k,R_0402_1005Metric,243.281200,-117.652800,270.000000,top
R645,470,R_0402_1005Metric,177.622200,-115.684300,270.000000,top
R646,470,R_0402_1005Metric,173.558200,-115.684300,270.000000,top
R647,470,R_0402_1005Metric,119.075200,-117.652800,270.000000,top
R648,470,R_0402_1005Metric,113.995200,-117.652800,270.000000,top
R649,1k,R_0402_1005Metric,185.242200,-116.954300,270.000000,top
R650,1k,R_0402_1005Metric,182.194200,-116.954300,270.000000,top
R651,75,R_0402_1005Metric,184.226200,-116.954300,90.000000,top
R652,470,R_0402_1005Metric,177.622200,-117.589300,270.000000,top
R653,470,R_0402_1005Metric,173.558200,-117.612300,270.000000,top
R654,470,R_0402_1005Metric,178.638200,-117.589300,270.000000,top
R655,470,R_0402_1005Metric,174.574200,-117.589300,270.000000,top
R656,10k,R_0402_1005Metric,252.425200,-115.112800,180.000000,top
R657,10k,R_0402_1005Metric,239.471200,-115.239800,180.000000,top
R658,1k,R_0402_1005Metric,251.917200,-117.652800,270.000000,top
R659,1k,R_0402_1005Metric,238.963200,-117.652800,270.000000,top
R660,1k,R_0402_1005Metric,110.058200,-115.747800,90.000000,top
R661,1k,R_0402_1005Metric,105.486200,-115.747800,90.000000,top
R662,1k,R_0402_1005Metric,108.026200,-115.747800,270.000000,top
R663,1k,R_0402_1005Metric,103.454200,-115.747800,270.000000,top
R664,10k,R_0402_1005Metric,230.962200,-115.214400,180.000000,top
R665,10k,R_0402_1005Metric,248.107200,-115.112800,180.000000,top
R666,10k,R_0402_1005Metric,235.204000,-115.214400,180.000000,top
R667,1k,R_0402_1005Metric,109.042200,-117.652800,270.000000,top
R668,1k,R_0402_1005Metric,104.470200,-117.652800,270.000000,top
R669,1k,R_0402_1005Metric,230.581200,-117.652800,270.000000,top
R670,4k7,R_0402_1005Metric,110.058200,-117.652800,270.000000,top
R671,4k7,R_0402_1005Metric,105.486200,-117.652800,270.000000,top
R672,1k,R_0402_1005Metric,247.599200,-117.652800,270.000000,top
R673,1k,R_0402_1005Metric,234.772200,-117.652800,270.000000,top
R674,10k,R_0402_1005Metric,226.771200,-115.214400,180.000000,top
R675,1k,R_0402_1005Metric,226.390200,-117.652800,270.000000,top
R701,1k,R_0402_1005Metric,69.672200,-78.536800,180.000000,top
R702,1k,R_0402_1005Metric,77.038200,-78.536800,180.000000,top
R703,10k,R_0402_1005Metric,223.405700,-75.171300,90.000000,top
R704,1k,R_0402_1005Metric,225.437700,-75.171300,90.000000,top
R705,1k,R_0402_1005Metric,73.228200,-78.536800,180.000000,top
R706,1k,R_0402_1005Metric,80.721200,-78.536800,180.000000,top
R707,1k,R_0402_1005Metric,230.390700,-90.601800,90.000000,top
R708,1k,R_0402_1005Metric,237.312200,-90.601800,90.000000,top
R709,1k,R_0402_1005Metric,67.894200,-73.329800,270.000000,top
R710,1k,R_0402_1005Metric,75.514200,-73.329800,270.000000,top
R711,1k,R_0402_1005Metric,74.498200,-73.329800,270.000000,top
R712,1k,R_0402_1005Metric,82.118200,-73.329800,270.000000,top
R713,10k,R_0402_1005Metric,226.517200,-75.171300,90.000000,top
R714,10k,R_0402_1005Metric,226.072700,-67.614800,90.000000,top
R719,1k,R_0402_1005Metric,228.549200,-75.171300,90.000000,top
R720,1k,R_0402_1005Metric,228.104700,-67.614800,90.000000,top
R721,1k,R_0402_1005Metric,242.709700,-94.475300,0.000000,top
R722,22,R_0402_1005Metric,197.053200,-71.170800,90.000000,top
R723,22,R_0402_1005Metric,200.736200,-71.170800,90.000000,top
R724,22,R_0402_1005Metric,208.102200,-71.170800,90.000000,top
R725,22,R_0402_1005Metric,215.468200,-71.170800,90.000000,top
R726,1k,R_0402_1005Metric,198.577200,-70.789800,0.000000,top
R727,1k,R_0402_1005Metric,202.260200,-70.789800,0.000000,top
R728,1k,R_0402_1005Metric,209.626200,-70.789800,0.000000,top
R729,1k,R_0402_1005Metric,216.992200,-70.662800,0.000000,top
R730,1k,R_0402_1005Metric,84.531200,-78.536800,180.000000,top
R731,1k,R_0402_1005Metric,88.087200,-78.536800,180.000000,top
R732,1k,R_0402_1005Metric,83.134200,-73.329800,270.000000,top
R733,1k,R_0402_1005Metric,89.738200,-73.329800,270.000000,top
R734,22,R_0402_1005Metric,193.370200,-71.147800,90.000000,top
R735,22,R_0402_1005Metric,204.419200,-71.170800,90.000000,top
R736,22,R_0402_1005Metric,211.785200,-71.170800,90.000000,top
R737,22,R_0402_1005Metric,222.834200,-71.170800,90.000000,top
R738,22,R_0402_1005Metric,219.151200,-71.170800,90.000000,top
R739,1k,R_0402_1005Metric,194.894200,-70.789800,0.000000,top
R740,1k,R_0402_1005Metric,205.943200,-70.789800,0.000000,top
R741,1k,R_0402_1005Metric,213.309200,-70.662800,0.000000,top
R742,1k,R_0402_1005Metric,224.358200,-70.662800,0.000000,top
R743,1k,R_0402_1005Metric,220.675200,-70.662800,0.000000,top
R746,1k,R_0402_1005Metric,91.920200,-78.536800,180.000000,top
R747,1k,R_0402_1005Metric,95.453200,-78.536800,180.000000,top
R748,1k,R_0402_1005Metric,98.755200,-94.284800,180.000000,top
R749,1k,R_0402_1005Metric,117.424200,-94.284800,180.000000,top
R750,1k,R_0402_1005Metric,90.754200,-73.329800,270.000000,top
R751,1k,R_0402_1005Metric,97.358200,-73.329800,270.000000,top
R754,1k,R_0402_1005Metric,108.153200,-94.284800,180.000000,top
R755,1k,R_0402_1005Metric,126.822200,-94.284800,180.000000,top
R801,470,R_0402_1005Metric,60.528200,-114.604800,0.000000,top
R802,470,R_0402_1005Metric,55.194200,-114.604800,0.000000,top
R803,470,R_0402_1005Metric,49.860200,-114.604800,0.000000,top
R804,470,R_0402_1005Metric,44.526200,-114.604800,0.000000,top
R805,1k,R_0402_1005Metric,58.496200,-114.604800,0.000000,top
R806,1k,R_0402_1005Metric,53.162200,-114.604800,0.000000,top
R807,1k,R_0402_1005Metric,47.828200,-114.604800,0.000000,top
R808,1k,R_0402_1005Metric,42.494200,-114.604800,0.000000,top
R809,22,R_0402_1005Metric,94.973140,-87.790020,270.000000,top
R810,1k,R_0402_1005Metric,93.957140,-87.790020,90.000000,top
R811,0R,R_0402_1005Metric,143.776700,-106.690300,90.000000,top
R812,NULL,R_0402_1005Metric,142.379700,-86.664800,0.000000,top
R813,10k,R_0402_1005Metric,142.379700,-85.648800,180.000000,top
R814,47k,R_0402_1005Metric,238.074200,-95.427800,180.000000,top
R815,47k,R_0402_1005Metric,238.074200,-94.411800,180.000000,top
R816,47k,R_0402_1005Metric,240.550700,-101.650800,180.000000,top
R817,47k,R_0402_1005Metric,240.550700,-100.634800,180.000000,top
R818,47k,R_0402_1005Metric,240.550700,-99.618800,180.000000,top
R819,10k,R_0402_1005Metric,238.074200,-93.395800,180.000000,top
R820,4k7,R_0402_1005Metric,177.622200,-110.309800,270.000000,top
R821,4k7,R_0402_1005Metric,177.622200,-106.095800,90.000000,top
R822,4k7,R_0402_1005Metric,187.464700,-83.235800,90.000000,top
R823,4k7,R_0402_1005Metric,187.464700,-81.267300,270.000000,top
R824,10k,R_0402_1005Metric,197.942200,-83.172300,0.000000,top
R825,10k,R_0402_1005Metric,204.482700,-83.235800,0.000000,top
R826,1k5,R_0402_1005Metric,240.106200,-106.603800,90.000000,top
R827,1k5,R_0402_1005Metric,240.487200,-94.792800,90.000000,top
R828,4k7,R_0402_1005Metric,136.283700,-103.873300,90.000000,top
R829,4k7,R_0402_1005Metric,136.283700,-101.904800,270.000000,top
R830,10k,R_0402_1005Metric,131.013200,-99.809300,90.000000,top
R831,NULL,R_0402_1005Metric,140.220700,-98.348800,0.000000,top
R832,10k,R_0402_1005Metric,140.220700,-97.332800,180.000000,top
R833,10k,R_0402_1005Metric,140.855700,-100.825300,0.000000,top
R834,NULL,R_0402_1005Metric,140.855700,-99.809300,180.000000,top
R835,NULL,R_0402_1005Metric,174.320200,-101.904800,180.000000,top
R836,10k,R_0402_1005Metric,174.320200,-102.920800,0.000000,top
R901,10k,R_0402_1005Metric,101.295200,-115.112800,180.000000,top
R902,10k,R_0402_1005Metric,88.341200,-115.112800,180.000000,top
R903,10k,R_0402_1005Metric,75.387200,-115.112800,180.000000,top
R904,1k,R_0402_1005Metric,100.914200,-117.675800,270.000000,top
R905,1k,R_0402_1005Metric,87.960200,-117.652800,270.000000,top
R906,1k,R_0402_1005Metric,75.006200,-117.652800,270.000000,top
R907,10k,R_0402_1005Metric,96.977200,-115.112800,180.000000,top
R908,10k,R_0402_1005Metric,84.023200,-115.112800,180.000000,top
R909,10k,R_0402_1005Metric,71.069200,-115.112800,180.000000,top
R910,1k,R_0402_1005Metric,96.596200,-117.652800,270.000000,top
R911,1k,R_0402_1005Metric,83.642200,-117.652800,270.000000,top
R912,1k,R_0402_1005Metric,70.688200,-117.652800,270.000000,top
R913,10k,R_0402_1005Metric,92.659200,-115.112800,180.000000,top
R914,10k,R_0402_1005Metric,79.705200,-115.112800,180.000000,top
R915,10k,R_0402_1005Metric,66.751200,-115.112800,180.000000,top
R916,1k,R_0402_1005Metric,92.278200,-117.629800,270.000000,top
R917,1k,R_0402_1005Metric,79.324200,-117.652800,270.000000,top
R918,1k,R_0402_1005Metric,66.370200,-117.652800,270.000000,top
TH201,NTC,R_0402_1005Metric,69.989700,-95.745300,90.000000,top
TH202,NTC,R_0402_1005Metric,74.498200,-107.238800,90.000000,top
TH203,NTC,R_0402_1005Metric,54.305200,-79.806800,90.000000,top
U201,TPS62130,VQFN-16-1EP_3x3mm_P0.5mm_EP1.68x1.68mm_ThermalVias,72.720200,-97.967800,90.000000,top
U202,TPS62130,VQFN-16-1EP_3x3mm_P0.5mm_EP1.68x1.68mm_ThermalVias,72.720200,-104.063800,90.000000,top
U301,EEPROM,SO-8_3.9x4.9mm_P1.27mm,196.735700,-78.917800,180.000000,top
U302,EEPROM,SO-8_3.9x4.9mm_P1.27mm,203.212700,-78.946300,180.000000,top
U303,FRAM_MB85RC16,SOP-8_3.9x4.9mm_P1.27mm,126.758700,-101.206300,270.000000,top
U801,STM32F407IGTx,LQFP-176_24x24mm_P0.5mm,157.861200,-92.628800,0.000000,top
